Handle,Title,Body (HTML),Vendor,Product Category,Type,Tags,Published,Option1 Name,Option1 Value,Variant SKU,Variant Grams,Variant Inventory Tracker,Variant Inventory Qty,Variant Inventory Policy,Variant Fulfillment Service,Variant Price,Variant Requires Shipping,Variant Taxable,Image Src,Image Alt Text,SEO Title,SEO Description,Status
aa-001-alley-runner,Alley Runner,"<p>One player, one lane, one shot — the maze becomes the court. The first piece of the collection, and still its thesis.</p><p>Edition of 50, numbered by hand. Archival pigment print on cotton rag, 24 × 36 in (2:3). Ships rolled, with the Alleyoop Arts seal.</p><p><em>The Labyrinth series.</em></p>",Alleyoop Arts,"Home & Garden > Decor > Artwork > Posters, Prints, & Visual Artwork",Limited Edition Print,"basketball art, limited edition, The Labyrinth, print, 24x36",TRUE,Size,24 × 36 in,AA-001,400,shopify,50,deny,manual,240,TRUE,TRUE,https://tatianathevisionary.github.io/alleyoop-arts/products/aa-001-alley-runner.png,"Alley Runner — limited edition basketball art print, The Labyrinth series, Alleyoop Arts",Alley Runner — Limited Edition Basketball Art Print | Alleyoop Arts,"One player, one lane, one shot — the maze becomes the court. The first piece of the collection, and still its thesis.",active
aa-002-the-architect,The Architect,"<p>A player stands at the centre of a structure he seems to have drawn himself. Every route in it is his.</p><p>Edition of 40, numbered by hand. Archival pigment print on cotton rag, 24 × 36 in (2:3). Ships rolled, with the Alleyoop Arts seal.</p><p><em>The Labyrinth series.</em></p>",Alleyoop Arts,"Home & Garden > Decor > Artwork > Posters, Prints, & Visual Artwork",Limited Edition Print,"basketball art, limited edition, The Labyrinth, print, 24x36",TRUE,Size,24 × 36 in,AA-002,400,shopify,40,deny,manual,250,TRUE,TRUE,https://tatianathevisionary.github.io/alleyoop-arts/products/aa-002-the-architect.png,"The Architect — limited edition basketball art print, The Labyrinth series, Alleyoop Arts",The Architect — Limited Edition Basketball Art Print | Alleyoop Arts,A player stands at the centre of a structure he seems to have drawn himself. Every route in it is his.,active
aa-003-burst,Burst,"<p>A basketball breaks into hundreds of colourful shards. The game as pure celebration.</p><p>Edition of 30, numbered by hand. Archival pigment print on cotton rag, 24 × 36 in (2:3). Ships rolled, with the Alleyoop Arts seal.</p><p><em>Celebration series.</em></p>",Alleyoop Arts,"Home & Garden > Decor > Artwork > Posters, Prints, & Visual Artwork",Limited Edition Print,"basketball art, limited edition, Celebration, print, 24x36",TRUE,Size,24 × 36 in,AA-003,400,shopify,30,deny,manual,280,TRUE,TRUE,https://tatianathevisionary.github.io/alleyoop-arts/products/aa-003-burst.png,"Burst — limited edition basketball art print, Celebration series, Alleyoop Arts",Burst — Limited Edition Basketball Art Print | Alleyoop Arts,A basketball breaks into hundreds of colourful shards. The game as pure celebration.,active
aa-004-close-up-hoop,Close-Up Hoop,"<p>Pure basketball signal — the rim and net in product-poster simplicity. The quietest piece in the collection.</p><p>Edition of 40, numbered by hand. Archival pigment print on cotton rag, 24 × 36 in (2:3). Ships rolled, with the Alleyoop Arts seal.</p><p><em>The Court series.</em></p>",Alleyoop Arts,"Home & Garden > Decor > Artwork > Posters, Prints, & Visual Artwork",Limited Edition Print,"basketball art, limited edition, The Court, print, 24x36",TRUE,Size,24 × 36 in,AA-004,400,shopify,40,deny,manual,200,TRUE,TRUE,https://tatianathevisionary.github.io/alleyoop-arts/products/aa-004-close-up-hoop.png,"Close-Up Hoop — limited edition basketball art print, The Court series, Alleyoop Arts",Close-Up Hoop — Limited Edition Basketball Art Print | Alleyoop Arts,Pure basketball signal — the rim and net in product-poster simplicity. The quietest piece in the collection.,active
aa-005-the-sentinel,The Sentinel,"<p>A stoic guardian holds the line at a mystical hoop. Defence as devotion.</p><p>Edition of 45, numbered by hand. Archival pigment print on cotton rag, 24 × 36 in (2:3). Ships rolled, with the Alleyoop Arts seal.</p><p><em>Portals series.</em></p>",Alleyoop Arts,"Home & Garden > Decor > Artwork > Posters, Prints, & Visual Artwork",Limited Edition Print,"basketball art, limited edition, Portals, print, 24x36",TRUE,Size,24 × 36 in,AA-005,400,shopify,45,deny,manual,230,TRUE,TRUE,https://tatianathevisionary.github.io/alleyoop-arts/products/aa-005-the-sentinel.png,"The Sentinel — limited edition basketball art print, Portals series, Alleyoop Arts",The Sentinel — Limited Edition Basketball Art Print | Alleyoop Arts,A stoic guardian holds the line at a mystical hoop. Defence as devotion.,active
aa-006-high-jump,High Jump,"<p>A daring jump shot, launched from the blacktop into open air. No ceiling anywhere in frame.</p><p>Edition of 50, numbered by hand. Archival pigment print on cotton rag, 24 × 36 in (2:3). Ships rolled, with the Alleyoop Arts seal.</p><p><em>Street series.</em></p>",Alleyoop Arts,"Home & Garden > Decor > Artwork > Posters, Prints, & Visual Artwork",Limited Edition Print,"basketball art, limited edition, Street, print, 24x36",TRUE,Size,24 × 36 in,AA-006,400,shopify,50,deny,manual,220,TRUE,TRUE,https://tatianathevisionary.github.io/alleyoop-arts/products/aa-006-high-jump.png,"High Jump — limited edition basketball art print, Street series, Alleyoop Arts",High Jump — Limited Edition Basketball Art Print | Alleyoop Arts,"A daring jump shot, launched from the blacktop into open air. No ceiling anywhere in frame.",active
aa-007-the-call,The Call,"<p>Rules, rhythm and pressure — the whistle moment at a maze intersection. Somebody has to make the call.</p><p>Edition of 45, numbered by hand. Archival pigment print on cotton rag, 24 × 36 in (2:3). Ships rolled, with the Alleyoop Arts seal.</p><p><em>The Labyrinth series.</em></p>",Alleyoop Arts,"Home & Garden > Decor > Artwork > Posters, Prints, & Visual Artwork",Limited Edition Print,"basketball art, limited edition, The Labyrinth, print, 24x36",TRUE,Size,24 × 36 in,AA-007,400,shopify,45,deny,manual,220,TRUE,TRUE,https://tatianathevisionary.github.io/alleyoop-arts/products/aa-007-the-call.png,"The Call — limited edition basketball art print, The Labyrinth series, Alleyoop Arts",The Call — Limited Edition Basketball Art Print | Alleyoop Arts,"Rules, rhythm and pressure — the whistle moment at a maze intersection. Somebody has to make the call.",active
aa-008-champion-s-light,Champion's Light,"<p>The trophy glow of an earned season. The smallest edition in the collection.</p><p>Edition of 25, numbered by hand. Archival pigment print on cotton rag, 24 × 36 in (2:3). Ships rolled, with the Alleyoop Arts seal.</p><p><em>Celebration series.</em></p>",Alleyoop Arts,"Home & Garden > Decor > Artwork > Posters, Prints, & Visual Artwork",Limited Edition Print,"basketball art, limited edition, Celebration, print, 24x36",TRUE,Size,24 × 36 in,AA-008,400,shopify,25,deny,manual,280,TRUE,TRUE,https://tatianathevisionary.github.io/alleyoop-arts/products/aa-008-champion-s-light.png,"Champion's Light — limited edition basketball art print, Celebration series, Alleyoop Arts",Champion's Light — Limited Edition Basketball Art Print | Alleyoop Arts,The trophy glow of an earned season. The smallest edition in the collection.,active
aa-009-bird-s-eye-court,Bird's-Eye Court,"<p>The court reads like a map; the paint and the shadows do the storytelling.</p><p>Edition of 60, numbered by hand. Archival pigment print on cotton rag, 24 × 36 in (2:3). Ships rolled, with the Alleyoop Arts seal.</p><p><em>The Court series.</em></p>",Alleyoop Arts,"Home & Garden > Decor > Artwork > Posters, Prints, & Visual Artwork",Limited Edition Print,"basketball art, limited edition, The Court, print, 24x36",TRUE,Size,24 × 36 in,AA-009,400,shopify,60,deny,manual,200,TRUE,TRUE,https://tatianathevisionary.github.io/alleyoop-arts/products/aa-009-bird-s-eye-court.png,"Bird's-Eye Court — limited edition basketball art print, The Court series, Alleyoop Arts",Bird's-Eye Court — Limited Edition Basketball Art Print | Alleyoop Arts,The court reads like a map; the paint and the shadows do the storytelling.,active
aa-010-slam,Slam,"<p>Basketballs slam-dunked in sequence — kinetic, loud, alive.</p><p>Edition of 50, numbered by hand. Archival pigment print on cotton rag, 24 × 36 in (2:3). Ships rolled, with the Alleyoop Arts seal.</p><p><em>Street series.</em></p>",Alleyoop Arts,"Home & Garden > Decor > Artwork > Posters, Prints, & Visual Artwork",Limited Edition Print,"basketball art, limited edition, Street, print, 24x36",TRUE,Size,24 × 36 in,AA-010,400,shopify,50,deny,manual,230,TRUE,TRUE,https://tatianathevisionary.github.io/alleyoop-arts/products/aa-010-slam.png,"Slam — limited edition basketball art print, Street series, Alleyoop Arts",Slam — Limited Edition Basketball Art Print | Alleyoop Arts,"Basketballs slam-dunked in sequence — kinetic, loud, alive.",active
aa-011-eye-to-eye,Eye to Eye,"<p>Two players, one held breath before the play. The whole game lives in that pause.</p><p>Edition of 40, numbered by hand. Archival pigment print on cotton rag, 24 × 36 in (2:3). Ships rolled, with the Alleyoop Arts seal.</p><p><em>Portraits series.</em></p>",Alleyoop Arts,"Home & Garden > Decor > Artwork > Posters, Prints, & Visual Artwork",Limited Edition Print,"basketball art, limited edition, Portraits, print, 24x36",TRUE,Size,24 × 36 in,AA-011,400,shopify,40,deny,manual,240,TRUE,TRUE,https://tatianathevisionary.github.io/alleyoop-arts/products/aa-011-eye-to-eye.png,"Eye to Eye — limited edition basketball art print, Portraits series, Alleyoop Arts",Eye to Eye — Limited Edition Basketball Art Print | Alleyoop Arts,"Two players, one held breath before the play. The whole game lives in that pause.",active
aa-012-perfect-pass,Perfect Pass,"<p>The pass is a ribbon; the maze is the defender it threads. The collection's namesake play.</p><p>Edition of 35, numbered by hand. Archival pigment print on cotton rag, 24 × 36 in (2:3). Ships rolled, with the Alleyoop Arts seal.</p><p><em>The Labyrinth series.</em></p>",Alleyoop Arts,"Home & Garden > Decor > Artwork > Posters, Prints, & Visual Artwork",Limited Edition Print,"basketball art, limited edition, The Labyrinth, print, 24x36",TRUE,Size,24 × 36 in,AA-012,400,shopify,35,deny,manual,250,TRUE,TRUE,https://tatianathevisionary.github.io/alleyoop-arts/products/aa-012-perfect-pass.png,"Perfect Pass — limited edition basketball art print, The Labyrinth series, Alleyoop Arts",Perfect Pass — Limited Edition Basketball Art Print | Alleyoop Arts,The pass is a ribbon; the maze is the defender it threads. The collection's namesake play.,active
aa-013-california-camp,California Camp,"<p>A sun-drenched basketball camp — the sport as mentorship and growth.</p><p>Edition of 60, numbered by hand. Archival pigment print on cotton rag, 24 × 36 in (2:3). Ships rolled, with the Alleyoop Arts seal.</p><p><em>Street series.</em></p>",Alleyoop Arts,"Home & Garden > Decor > Artwork > Posters, Prints, & Visual Artwork",Limited Edition Print,"basketball art, limited edition, Street, print, 24x36",TRUE,Size,24 × 36 in,AA-013,400,shopify,60,deny,manual,190,TRUE,TRUE,https://tatianathevisionary.github.io/alleyoop-arts/products/aa-013-california-camp.png,"California Camp — limited edition basketball art print, Street series, Alleyoop Arts",California Camp — Limited Edition Basketball Art Print | Alleyoop Arts,A sun-drenched basketball camp — the sport as mentorship and growth.,active
aa-014-the-guardian,The Guardian,"<p>Another keeper of the mystical hoop, framed in clean geometry.</p><p>Edition of 45, numbered by hand. Archival pigment print on cotton rag, 24 × 36 in (2:3). Ships rolled, with the Alleyoop Arts seal.</p><p><em>Portals series.</em></p>",Alleyoop Arts,"Home & Garden > Decor > Artwork > Posters, Prints, & Visual Artwork",Limited Edition Print,"basketball art, limited edition, Portals, print, 24x36",TRUE,Size,24 × 36 in,AA-014,400,shopify,45,deny,manual,230,TRUE,TRUE,https://tatianathevisionary.github.io/alleyoop-arts/products/aa-014-the-guardian.png,"The Guardian — limited edition basketball art print, Portals series, Alleyoop Arts",The Guardian — Limited Edition Basketball Art Print | Alleyoop Arts,"Another keeper of the mystical hoop, framed in clean geometry.",active
aa-015-block-party,Block Party,"<p>Streetball joy — the crowd and the players become blocks of team colour.</p><p>Edition of 60, numbered by hand. Archival pigment print on cotton rag, 24 × 36 in (2:3). Ships rolled, with the Alleyoop Arts seal.</p><p><em>Celebration series.</em></p>",Alleyoop Arts,"Home & Garden > Decor > Artwork > Posters, Prints, & Visual Artwork",Limited Edition Print,"basketball art, limited edition, Celebration, print, 24x36",TRUE,Size,24 × 36 in,AA-015,400,shopify,60,deny,manual,200,TRUE,TRUE,https://tatianathevisionary.github.io/alleyoop-arts/products/aa-015-block-party.png,"Block Party — limited edition basketball art print, Celebration series, Alleyoop Arts",Block Party — Limited Edition Basketball Art Print | Alleyoop Arts,Streetball joy — the crowd and the players become blocks of team colour.,active
aa-016-court-lines,Court Lines,"<p>Court markings as graphic design. An overhead diagram, painterly.</p><p>Edition of 60, numbered by hand. Archival pigment print on cotton rag, 24 × 36 in (2:3). Ships rolled, with the Alleyoop Arts seal.</p><p><em>The Court series.</em></p>",Alleyoop Arts,"Home & Garden > Decor > Artwork > Posters, Prints, & Visual Artwork",Limited Edition Print,"basketball art, limited edition, The Court, print, 24x36",TRUE,Size,24 × 36 in,AA-016,400,shopify,60,deny,manual,200,TRUE,TRUE,https://tatianathevisionary.github.io/alleyoop-arts/products/aa-016-court-lines.png,"Court Lines — limited edition basketball art print, The Court series, Alleyoop Arts",Court Lines — Limited Edition Basketball Art Print | Alleyoop Arts,"Court markings as graphic design. An overhead diagram, painterly.",active
aa-017-rise,Rise,"<p>Launching into a high jump shot — pure ascent off the dribble.</p><p>Edition of 50, numbered by hand. Archival pigment print on cotton rag, 24 × 36 in (2:3). Ships rolled, with the Alleyoop Arts seal.</p><p><em>Street series.</em></p>",Alleyoop Arts,"Home & Garden > Decor > Artwork > Posters, Prints, & Visual Artwork",Limited Edition Print,"basketball art, limited edition, Street, print, 24x36",TRUE,Size,24 × 36 in,AA-017,400,shopify,50,deny,manual,220,TRUE,TRUE,https://tatianathevisionary.github.io/alleyoop-arts/products/aa-017-rise.png,"Rise — limited edition basketball art print, Street series, Alleyoop Arts",Rise — Limited Edition Basketball Art Print | Alleyoop Arts,Launching into a high jump shot — pure ascent off the dribble.,active
aa-018-clinic-day,Clinic Day,"<p>Bright, hopeful, instructional — coaches guiding the next lane-finders.</p><p>Edition of 60, numbered by hand. Archival pigment print on cotton rag, 24 × 36 in (2:3). Ships rolled, with the Alleyoop Arts seal.</p><p><em>Street series.</em></p>",Alleyoop Arts,"Home & Garden > Decor > Artwork > Posters, Prints, & Visual Artwork",Limited Edition Print,"basketball art, limited edition, Street, print, 24x36",TRUE,Size,24 × 36 in,AA-018,400,shopify,60,deny,manual,190,TRUE,TRUE,https://tatianathevisionary.github.io/alleyoop-arts/products/aa-018-clinic-day.png,"Clinic Day — limited edition basketball art print, Street series, Alleyoop Arts",Clinic Day — Limited Edition Basketball Art Print | Alleyoop Arts,"Bright, hopeful, instructional — coaches guiding the next lane-finders.",active
aa-019-timeout,Timeout,"<p>A poignant pause — the player takes a breath at the edge of the play. Rest is part of the game.</p><p>Edition of 40, numbered by hand. Archival pigment print on cotton rag, 24 × 36 in (2:3). Ships rolled, with the Alleyoop Arts seal.</p><p><em>Portraits series.</em></p>",Alleyoop Arts,"Home & Garden > Decor > Artwork > Posters, Prints, & Visual Artwork",Limited Edition Print,"basketball art, limited edition, Portraits, print, 24x36",TRUE,Size,24 × 36 in,AA-019,400,shopify,40,deny,manual,230,TRUE,TRUE,https://tatianathevisionary.github.io/alleyoop-arts/products/aa-019-timeout.png,"Timeout — limited edition basketball art print, Portraits series, Alleyoop Arts",Timeout — Limited Edition Basketball Art Print | Alleyoop Arts,A poignant pause — the player takes a breath at the edge of the play. Rest is part of the game.,active
aa-020-the-underdog,The Underdog,"<p>The journey of an underdog, drawn as the longest way around the maze. The long route builds the player.</p><p>Edition of 50, numbered by hand. Archival pigment print on cotton rag, 24 × 36 in (2:3). Ships rolled, with the Alleyoop Arts seal.</p><p><em>Street series.</em></p>",Alleyoop Arts,"Home & Garden > Decor > Artwork > Posters, Prints, & Visual Artwork",Limited Edition Print,"basketball art, limited edition, Street, print, 24x36",TRUE,Size,24 × 36 in,AA-020,400,shopify,50,deny,manual,220,TRUE,TRUE,https://tatianathevisionary.github.io/alleyoop-arts/products/aa-020-the-underdog.png,"The Underdog — limited edition basketball art print, Street series, Alleyoop Arts",The Underdog — Limited Edition Basketball Art Print | Alleyoop Arts,"The journey of an underdog, drawn as the longest way around the maze. The long route builds the player.",active
aa-021-contested,Contested,"<p>A jump shot answered — the maze closes as the ball leaves the hand.</p><p>Edition of 50, numbered by hand. Archival pigment print on cotton rag, 24 × 36 in (2:3). Ships rolled, with the Alleyoop Arts seal.</p><p><em>The Labyrinth series.</em></p>",Alleyoop Arts,"Home & Garden > Decor > Artwork > Posters, Prints, & Visual Artwork",Limited Edition Print,"basketball art, limited edition, The Labyrinth, print, 24x36",TRUE,Size,24 × 36 in,AA-021,400,shopify,50,deny,manual,240,TRUE,TRUE,https://tatianathevisionary.github.io/alleyoop-arts/products/aa-021-contested.png,"Contested — limited edition basketball art print, The Labyrinth series, Alleyoop Arts",Contested — Limited Edition Basketball Art Print | Alleyoop Arts,A jump shot answered — the maze closes as the ball leaves the hand.,active
aa-022-stance,Stance,"<p>A study of posture — the calm before the first step.</p><p>Edition of 40, numbered by hand. Archival pigment print on cotton rag, 24 × 36 in (2:3). Ships rolled, with the Alleyoop Arts seal.</p><p><em>Portraits series.</em></p>",Alleyoop Arts,"Home & Garden > Decor > Artwork > Posters, Prints, & Visual Artwork",Limited Edition Print,"basketball art, limited edition, Portraits, print, 24x36",TRUE,Size,24 × 36 in,AA-022,400,shopify,40,deny,manual,240,TRUE,TRUE,https://tatianathevisionary.github.io/alleyoop-arts/products/aa-022-stance.png,"Stance — limited edition basketball art print, Portraits series, Alleyoop Arts",Stance — Limited Edition Basketball Art Print | Alleyoop Arts,A study of posture — the calm before the first step.,active
aa-023-hold,Hold,"<p>Weight on the back foot, eyes up — reading the floor before the break.</p><p>Edition of 40, numbered by hand. Archival pigment print on cotton rag, 24 × 36 in (2:3). Ships rolled, with the Alleyoop Arts seal.</p><p><em>Portraits series.</em></p>",Alleyoop Arts,"Home & Garden > Decor > Artwork > Posters, Prints, & Visual Artwork",Limited Edition Print,"basketball art, limited edition, Portraits, print, 24x36",TRUE,Size,24 × 36 in,AA-023,400,shopify,40,deny,manual,230,TRUE,TRUE,https://tatianathevisionary.github.io/alleyoop-arts/products/aa-023-hold.png,"Hold — limited edition basketball art print, Portraits series, Alleyoop Arts",Hold — Limited Edition Basketball Art Print | Alleyoop Arts,"Weight on the back foot, eyes up — reading the floor before the break.",active
aa-024-half-court,Half Court,"<p>The court setup as still life. Clean markings, long light.</p><p>Edition of 60, numbered by hand. Archival pigment print on cotton rag, 24 × 36 in (2:3). Ships rolled, with the Alleyoop Arts seal.</p><p><em>The Court series.</em></p>",Alleyoop Arts,"Home & Garden > Decor > Artwork > Posters, Prints, & Visual Artwork",Limited Edition Print,"basketball art, limited edition, The Court, print, 24x36",TRUE,Size,24 × 36 in,AA-024,400,shopify,60,deny,manual,200,TRUE,TRUE,https://tatianathevisionary.github.io/alleyoop-arts/products/aa-024-half-court.png,"Half Court — limited edition basketball art print, The Court series, Alleyoop Arts",Half Court — Limited Edition Basketball Art Print | Alleyoop Arts,"The court setup as still life. Clean markings, long light.",active
aa-025-drills,Drills,"<p>The clinic in motion — repetition as the quiet art of the game.</p><p>Edition of 60, numbered by hand. Archival pigment print on cotton rag, 24 × 36 in (2:3). Ships rolled, with the Alleyoop Arts seal.</p><p><em>Street series.</em></p>",Alleyoop Arts,"Home & Garden > Decor > Artwork > Posters, Prints, & Visual Artwork",Limited Edition Print,"basketball art, limited edition, Street, print, 24x36",TRUE,Size,24 × 36 in,AA-025,400,shopify,60,deny,manual,190,TRUE,TRUE,https://tatianathevisionary.github.io/alleyoop-arts/products/aa-025-drills.png,"Drills — limited edition basketball art print, Street series, Alleyoop Arts",Drills — Limited Edition Basketball Art Print | Alleyoop Arts,The clinic in motion — repetition as the quiet art of the game.,active
aa-026-camp,Camp,"<p>A California camp under high sun — where lanes are first found.</p><p>Edition of 60, numbered by hand. Archival pigment print on cotton rag, 24 × 36 in (2:3). Ships rolled, with the Alleyoop Arts seal.</p><p><em>Street series.</em></p>",Alleyoop Arts,"Home & Garden > Decor > Artwork > Posters, Prints, & Visual Artwork",Limited Edition Print,"basketball art, limited edition, Street, print, 24x36",TRUE,Size,24 × 36 in,AA-026,400,shopify,60,deny,manual,190,TRUE,TRUE,https://tatianathevisionary.github.io/alleyoop-arts/products/aa-026-camp.png,"Camp — limited edition basketball art print, Street series, Alleyoop Arts",Camp — Limited Edition Basketball Art Print | Alleyoop Arts,A California camp under high sun — where lanes are first found.,active
aa-027-daring,Daring,"<p>A daring shot threaded through the maze's tightest corridor.</p><p>Edition of 50, numbered by hand. Archival pigment print on cotton rag, 24 × 36 in (2:3). Ships rolled, with the Alleyoop Arts seal.</p><p><em>The Labyrinth series.</em></p>",Alleyoop Arts,"Home & Garden > Decor > Artwork > Posters, Prints, & Visual Artwork",Limited Edition Print,"basketball art, limited edition, The Labyrinth, print, 24x36",TRUE,Size,24 × 36 in,AA-027,400,shopify,50,deny,manual,240,TRUE,TRUE,https://tatianathevisionary.github.io/alleyoop-arts/products/aa-027-daring.png,"Daring — limited edition basketball art print, The Labyrinth series, Alleyoop Arts",Daring — Limited Edition Basketball Art Print | Alleyoop Arts,A daring shot threaded through the maze's tightest corridor.,active
aa-028-release,Release,"<p>The follow-through — the maze briefly opens into a single clean line.</p><p>Edition of 50, numbered by hand. Archival pigment print on cotton rag, 24 × 36 in (2:3). Ships rolled, with the Alleyoop Arts seal.</p><p><em>The Labyrinth series.</em></p>",Alleyoop Arts,"Home & Garden > Decor > Artwork > Posters, Prints, & Visual Artwork",Limited Edition Print,"basketball art, limited edition, The Labyrinth, print, 24x36",TRUE,Size,24 × 36 in,AA-028,400,shopify,50,deny,manual,240,TRUE,TRUE,https://tatianathevisionary.github.io/alleyoop-arts/products/aa-028-release.png,"Release — limited edition basketball art print, The Labyrinth series, Alleyoop Arts",Release — Limited Edition Basketball Art Print | Alleyoop Arts,The follow-through — the maze briefly opens into a single clean line.,active
aa-029-the-feature,The Feature,"<p>A hero portrait — the player as the centre of the composition.</p><p>Edition of 40, numbered by hand. Archival pigment print on cotton rag, 24 × 36 in (2:3). Ships rolled, with the Alleyoop Arts seal.</p><p><em>Portraits series.</em></p>",Alleyoop Arts,"Home & Garden > Decor > Artwork > Posters, Prints, & Visual Artwork",Limited Edition Print,"basketball art, limited edition, Portraits, print, 24x36",TRUE,Size,24 × 36 in,AA-029,400,shopify,40,deny,manual,250,TRUE,TRUE,https://tatianathevisionary.github.io/alleyoop-arts/products/aa-029-the-feature.png,"The Feature — limited edition basketball art print, Portraits series, Alleyoop Arts",The Feature — Limited Edition Basketball Art Print | Alleyoop Arts,A hero portrait — the player as the centre of the composition.,active
aa-030-square-up,Square Up,"<p>Squared to the rim — the geometry of intention before the shot.</p><p>Edition of 40, numbered by hand. Archival pigment print on cotton rag, 24 × 36 in (2:3). Ships rolled, with the Alleyoop Arts seal.</p><p><em>Portraits series.</em></p>",Alleyoop Arts,"Home & Garden > Decor > Artwork > Posters, Prints, & Visual Artwork",Limited Edition Print,"basketball art, limited edition, Portraits, print, 24x36",TRUE,Size,24 × 36 in,AA-030,400,shopify,40,deny,manual,230,TRUE,TRUE,https://tatianathevisionary.github.io/alleyoop-arts/products/aa-030-square-up.png,"Square Up — limited edition basketball art print, Portraits series, Alleyoop Arts",Square Up — Limited Edition Basketball Art Print | Alleyoop Arts,Squared to the rim — the geometry of intention before the shot.,active
